{
    "gw_data": {
        "actions": [
            0,
            0,
            0,
            0,
            0,
            0
        ],
        "rewards": [
            0.0,
            0.0,
            0.0,
            0.0,
            0.0,
            0.0
        ],
        "stateformat": [
            "gwPosition.x",
            "gwPosition.y",
            "stampPos1.x",
            "stampPos1.y",
            "stampPos2.x",
            "stampPos2.y",
            "timestamp1",
            "timestamp2",
            "numReceivedPackets",
            "timeOfSample"
        ],
        "states": [
            [
                0.5,
                0.3,
                -1.0,
                -1.0,
                -1.0,
                -1.0,
                -1.0,
                -1.0,
                0.0,
                0.0
            ],
            [
                0.4333333333333333,
                0.3,
                -1.0,
                -1.0,
                -1.0,
                -1.0,
                -1.0,
                -1.0,
                0.0,
                10.0
            ],
            [
                0.36666666666666664,
                0.3,
                -1.0,
                -1.0,
                -1.0,
                -1.0,
                -1.0,
                -1.0,
                0.0,
                20.0
            ],
            [
                0.3,
                0.3,
                -1.0,
                -1.0,
                -1.0,
                -1.0,
                -1.0,
                -1.0,
                0.0,
                29.999999999999996
            ],
            [
                0.23333333333333334,
                0.3,
                -1.0,
                -1.0,
                -1.0,
                -1.0,
                -1.0,
                -1.0,
                0.0,
                40.0
            ],
            [
                0.16666666666666666,
                0.3,
                -1.0,
                -1.0,
                -1.0,
                -1.0,
                -1.0,
                -1.0,
                0.0,
                50.0
            ]
        ]
    },
    "stationary_gateway_reception_times": [],
    "transmission_times": []
}