{
    "gw_data": {
        "actions": [],
        "stateformat": [
            "gwPosition.x",
            "gwPosition.y",
            "stampPos1.x",
            "stampPos1.y",
            "stampPos2.x",
            "stampPos2.y",
            "timestamp1",
            "timestamp2",
            "numReceivedPackets",
            "timeOfSample"
        ],
        "states": []
    },
    "stationary_gateway_reception_times": [
        1251.71212833356,
        2501.71212833356,
        6242.718530407589,
        7503.434019308909,
        11241.421700792669,
        12501.8887456751,
        13762.072658953379,
        16245.79340561007,
        17495.071893617678,
        21238.29685575912,
        22493.21394167747,
        23764.23121002665,
        26243.760710178467,
        27490.21429722654,
        31244.923275277328,
        32490.250943506937,
        36252.37068677362,
        37488.61308501397,
        41248.31442587659,
        42479.37121390859
    ],
    "transmission_times": [
        1250.0,
        2500.0,
        3750.0,
        5000.0,
        6241.006402074029,
        7501.721890975349,
        8750.48702660922,
        9993.64207552963,
        11239.709572459109,
        12500.17661734154,
        13760.360527601099,
        14996.83978810298,
        16244.08127727651,
        17493.35976528412,
        18755.19203930301,
        19989.498942608658,
        21236.584727425558,
        22491.501813343908,
        23762.51907867437,
        24984.869815446487,
        26242.04858184491,
        27488.502168892977,
        28763.69882091623,
        29981.45723277011,
        31243.21114694377,
        32488.53881517338,
        33764.69005864505,
        34987.58809908019,
        36250.65855844006,
        37486.90095668041,
        38767.908896640816,
        39989.918786305534,
        41246.602297543024,
        42477.659085575026
    ]
}