{
    "mobile_gw_data": {
        "actions": [
            4,
            4,
            4,
            4,
            4,
            4,
            4,
            4,
            2,
            2,
            2,
            2,
            2,
            2,
            4,
            2,
            2,
            2,
            4,
            1,
            1,
            1,
            1,
            1,
            1,
            1,
            1,
            1,
            1,
            1,
            1,
            1,
            1,
            1,
            1,
            1,
            1,
            3,
            2,
            4
        ],
        "gw_positions_x": [
            1500.0,
            1500.0,
            1500.0,
            1500.0,
            1500.0,
            1500.0,
            1500.0,
            1500.0,
            1500.0,
            1610.0,
            1720.0,
            1830.0,
            1940.0,
            2050.0,
            2160.0,
            2160.0,
            2270.0,
            2380.0,
            2490.0,
            2490.0,
            2380.0,
            2270.0,
            2160.0,
            2050.0,
            1940.0,
            1830.0,
            1720.0,
            1610.0,
            1500.0,
            1390.0,
            1280.0,
            1170.0,
            1060.0,
            950.0,
            840.0,
            730.0,
            620.0,
            510.0,
            510.0,
            620.0
        ],
        "gw_positions_y": [
            1500.0,
            1390.0,
            1280.0,
            1170.0,
            1060.0,
            950.0,
            840.0,
            730.0,
            620.0,
            620.0,
            620.0,
            620.0,
            620.0,
            620.0,
            620.0,
            510.0,
            510.0,
            510.0,
            510.0,
            400.0,
            400.0,
            400.0,
            400.0,
            400.0,
            400.0,
            400.0,
            400.0,
            400.0,
            400.0,
            400.0,
            400.0,
            400.0,
            400.0,
            400.0,
            400.0,
            400.0,
            400.0,
            400.0,
            510.0,
            510.0
        ],
        "node_distances": [
            [
                1414.213623046875,
                1414.213623046875,
                1414.213623046875,
                1414.213623046875
            ],
            [
                1338.693359375,
                1338.693359375,
                1494.0213623046875,
                1494.0213623046875
            ],
            [
                1268.22705078125,
                1268.22705078125,
                1577.46630859375,
                1577.46630859375
            ],
            [
                1203.70263671875,
                1203.70263671875,
                1664.001220703125,
                1664.001220703125
            ],
            [
                1146.1239013671875,
                1146.1239013671875,
                1753.1685791015625,
                1753.1685791015625
            ],
            [
                1096.5855712890625,
                1096.5855712890625,
                1844.586669921875,
                1844.586669921875
            ],
            [
                1056.2197265625,
                1056.2197265625,
                1937.93701171875,
                1937.93701171875
            ],
            [
                1026.109130859375,
                1026.109130859375,
                2032.9534912109375,
                2032.9534912109375
            ],
            [
                1007.1742553710938,
                1007.1742553710938,
                2129.4130859375,
                2129.4130859375
            ],
            [
                1116.4676513671875,
                898.053466796875,
                2080.02392578125,
                2080.02392578125
            ],
            [
                1225.887451171875,
                789.1767578125,
                2035.386962890625,
                2035.386962890625
            ],
            [
                1335.402587890625,
                680.6614379882813,
                1995.8206787109375,
                1995.8206787109375
            ],
            [
                1444.9913330078125,
                572.7128295898438,
                1961.6319580078125,
                1961.6319580078125
            ],
            [
                1554.63818359375,
                465.7252502441406,
                1933.1063232421875,
                1933.1063232421875
            ],
            [
                1664.3316650390625,
                360.55511474609375,
                1910.497314453125,
                1910.497314453125
            ],
            [
                1660.0301513671875,
                340.14703369140625,
                2018.8363037109375,
                2018.8363037109375
            ],
            [
                1770.0281982421875,
                230.21728515625,
                2003.247314453125,
                2003.247314453125
            ],
            [
                1880.026611328125,
                120.41594696044922,
                1993.6148681640625,
                1993.6148681640625
            ],
            [
                1990.025146484375,
                14.142135620117188,
                1990.025146484375,
                1990.025146484375
            ],
            [
                1992.510986328125,
                100.4987564086914,
                2100.02392578125,
                2100.02392578125
            ],
            [
                1882.65771484375,
                156.20498657226563,
                2103.42578125,
                2103.42578125
            ],
            [
                1772.8226318359375,
                250.79872131347656,
                2112.5576171875,
                2112.5576171875
            ],
            [
                1663.00927734375,
                354.4009094238281,
                2127.345703125,
                2127.345703125
            ],
            [
                1553.222412109375,
                460.97723388671875,
                2147.673095703125,
                2147.673095703125
            ],
            [
                1443.468017578125,
                568.8585205078125,
                2173.384521484375,
                2173.384521484375
            ],
            [
                1333.754150390625,
                677.4215698242188,
                2204.291259765625,
                2204.291259765625
            ],
            [
                1224.091552734375,
                786.3841552734375,
                2240.178466796875,
                2240.178466796875
            ],
            [
                1114.495361328125,
                895.600341796875,
                2280.811279296875,
                2280.811279296875
            ],
            [
                1004.987548828125,
                1004.987548828125,
                2325.940673828125,
                2325.940673828125
            ],
            [
                895.600341796875,
                1114.495361328125,
                2375.310546875,
                2375.310546875
            ],
            [
                786.3841552734375,
                1224.091552734375,
                2428.662109375,
                2428.662109375
            ],
            [
                677.4215698242188,
                1333.754150390625,
                2485.7392578125,
                2485.7392578125
            ],
            [
                568.8585205078125,
                1443.468017578125,
                2546.29150390625,
                2546.29150390625
            ],
            [
                460.97723388671875,
                1553.222412109375,
                2610.07666015625,
                2610.07666015625
            ],
