{
    "current_episode_num": 1,
    "max_episode_num": 1,
    "packet_reward": 0,
    "exploration_reward": 0,
    "random_choice_probability": 0,
    "normalization": {
        "latest_packet_rssi": 0.00392156862745098,
        "latest_packet_snir": 0.01,
        "latest_packet_timestamp": 2.3148148148148147e-05,
        "num_received_packets": 0.023148148148148147,
        "current_timestamp": 2.3148148148148147e-05,
        "coord_x": 0.0003333333333333333
    }
}